id,name
1,Fire TV Stick 4K Streaming
2,Amazon Smart Plug
3,Echo Show 5
4,Amazon Smart speaker with Alexa
5,Roku Streaming Stick
6,Roku Premiere 4K Streaming Media Player
7,Roku Express HD Streaming Media Player
8,Fire 7 Tablet
9,Kindle Paperwhite
10,Wyze Cam 1080p HD Indoor WiFi
11,All-new Echo Dot (4th Gen)
12,All-new Blink Outdoor – Wireless Security Camera
13,GE 6 Outlet Surge Protector
14,Fujifilm Instax Mini Instant Film
15,HP 24mh FHD Monitor
16,Echo Show 10 (3rd Gen)
17,Apple iPad Mini (64GB)
18,Nintendo Switch Pro Controller
19,OHill Cable Clips
20,Apple iPad (32GB)
21,Sabrent 4-Port USB 2.0 Hub
22,Roku Ultra Streaming Media Player
23,Fire HD 8 Tablet
24,Just Dance 2021
25,Blink Mini – Compact Security Camera
26,Echo Show 8 - HD smart display with Alexa
27,Acer SB220Q Full HD
28,Apple TV 4K (32GB)
29,AMFilm Tempered Glass Screen Protector
30,TP-Link AC1750 Smart WiFi Router
31,Fire 7 Kids Edition Tablet
32,Apple Watch Series 3 (38mm)
33,Nintendo Switch Neon Blue
34,Cord Cover Race way Kit
35,Power Strip with USB
36,Apple Watch Series 3 (GPS)
37,Wyze Cam Pan 1080p
38,APEMAN Dash Cam 1080P FHD
39,USB Wall Charger - Surge Protector
40,VELCRO Brand ONE-WRAP Cable Ties
41,Carnival Games Nintendo Switch
42,Fire HD 8 Kids Edition Tablet
43,Acer Aspire 5 Slim Laptop
44,NETGEAR Nighthawk Smart Wi-Fi Router
45,Fitbit Versa 2 Health and Fitness Smartwatch
46,Certified Refurbished Fire TV Stick 4K with Alexa
47,GE 6 Outlet Power Strip - 8 Ft Long Extension Cord
48,Ring Stick Up Cam Battery HD
49,TCL 3-Series Roku Smart TV
50,Kindle - Black - Ad-Supported
51,SUPERDANNY USB Surge Protector Power Strip
52,Fire TV Cube - Hands-free
53,Majority Bowfell Small Sound Bar for TV
54,Nintendo Switch AC Adapter
55,GE - White - 6 Outlet 2 Pack - 2 Ft Cord
56,Victure 1080P 4Pcs Indoor Security Camera
57,Apple iPad mini (64GB) - Silver
58,Super Mario 3D All-Stars - Nintendo Switch
59,Anker Power Strip with USB - PowerPort Cube USB
60,Willful Smart Watch for Android Phones
61,Hmrope 100pcs Cable Zip Ties Heavy Duty 8 Inch
62,Ear Wax Removal Endoscope Otoscope
63,Surge Protector Wall Mount - Outlet Splitter
64,Witeem Surge Protector with 12-Outlet
65,Sceptre 75Hz Ultra Thin LED Monitor
66,TCL 4K Smart LED TV
67,Tile Slim Bluetooth Tracker
68,Fujifilm INSTAX Mini Instant Film 2 Pack
69,Mpow BH129 Bluetooth Receiver for Car
70,Insignia 32-inch Smart HD TV
71,HeimVision Sunrise Alarm Clock
72,Alex Tech - Cord Protector
73,PASOW 50pcs Cable Ties Reusable
74,HP VH240a Full HD 1080p IPS LED Monitor
75,USB Wall Charger - Surge Protector - 5 Outlet Extender
76,Apple 85W MagSafe 2 Power Adapter
77,Fire HD 10 Tablet (10.1" 1080p full HD display)
78,Power Strip with USB C - 3 Outlets
79,Ring Spare Parts Kit for Floodlight Cam
80,NETGEAR Nighthawk Cable Modem Wi-Fi Router
81,Pankoo Monocular High Power Monocular Scope
82,Fire HD 8 Plus tablet - HD display
83,Video Camera Camcorder Digital
84,Ring Spotlight Cam Battery HD Security Camera
85,Super Smash Bros - Nintendo Switch
86,Dell 27 LCD Monitor
87,YI Security Home Camera Baby Monitor
88,GE Power Strip Surge Protector - 6 Outlets - Flat Plug
89,Mac Book Pro Charger
90,300 PCS Stickers Pack (50-850Pcs/Pack)
91,Apple Lightning to HDMI Digital AV Adapter
92,Blink Indoor – HD Security Camera
93,Anker Power Strip with USB PowerExtend
94,Zip Ties White - 40lb Strength
95,Fire TV Stick 4K streaming device with Alexa
96,Ring Video Doorbell 2
97,Echo Show 5 - Charcoal
98,Roku Streaming Stick+ 8k
99,Agfa Reusable Photo Camera 35mm
100,Sony DualSense Controller
